repository_owner,repository_name
4clojure,4clojure
AddedFibre,LearningClojure
Aerathis,siteseeing
AlexBaranosky,EmailClojMatic
AlexBaranosky,Gong
AlexBaranosky,Shrink
AlexBaranosky,eastwood
AlexBaranosky,jark-server
AlexBaranosky,swiss-arrows
AndreasKostler,ring.middleware.etag
Ang3lFir3,clojure-koans
AnnanFay,clojure-dfhack
AnnanFay,clojure-ini
AnnanFay,dgc
Bathtor,OvertoneExperiments
BjRo,jean-clojure
Bogdanp,unstoppable-crawler
Bogdanp,unstoppable-force
Bost,turing-instability
Bost,webcli
Bost,zark
Bronsa,analyze
Bronsa,brochure
Bronsa,cantor
Bronsa,penumbra
CDRH,abbot
CMPITG,a11y-vietnamese
CMPITG,clojure-swt-examples
CMRC,CLAD
CMRC,coastal-resilience
Chouser,clojure-classes
Chouser,clojure-jna
Chouser,programming-clojure
CmdrDats,clj-memorystone
CmdrDats,clj-minecraft
Cyrik,clparsec
Cyrik,fnparse
Daanvm90,Clojure-Timesheet
Dale-Harrison,spouse-reminder
DanielJomphe,noircast
DeLaGuardo,DemoBackoffice
DerGuteMoritz,clj-oauth2
DrTom,debug-repl
DrTom,sql-data-migrator
DuoSRX,clojure-geeklist
Factual,clj-factual
Factual,factual-clojure-driver
Factual,funnyplaces
Factual,sosueme
Fingerzam,battle
Fingerzam,trigrams
Flamefork,fleet
ForNeVeR,Hyperspace
Frozenlock,Bacnet-scan
Frozenlock,bacnet-io-creator
FuriKuri,XMPP-REPL
FuriKuri,java-clj-parser
Geekfish,cj-experiments
Geekfish,cj-todo
GeorgeJahad,cdt
GeorgeJahad,debug-repl
Gozala,eventual-cljs
HEROLABS,herolabs-apns
HEROLABS,lein-run-script
HSSC,shib-faker
HaNoiCodingDojo,HNCDSession25-Clojure
HaNoiCodingDojo,HNCDSession26
HaNoiCodingDojo,HNCDSession29
HackFisher,hello-clj
Heappl,ProjectEuler-solutions
IanScottWilson,Xword
Icelandjack,HRC
IzzyLimbo,pangu
JRaul,AprendeClojure
Jaen,bmmsi-clj
Jell,clojure-koans
Jell,sicp
John-Poplett,figleaf
John-Poplett,fnparse
JoshAshby,clojure-playground
JulianMorrison,neo4j-clojure
K2Media,java-crate
K2Media,storm-deploy
KevinLiddle,SkimClj
KevinLiddle,skimbot3000-joodo
Killeroid,GoPush
Killeroid,PushCalc
KirinDave,Clothesline
KirinDave,clj-time
KirinDave,example-chat
Kuchitama,GoldenRatio
KushalP,camelot
KushalP,incanter
KushalP,ring
LauJensen,clojureql
LauJensen,cloneit
Licenser,clicki
Licenser,vmwebadm
LispNYC,lispnyc-homebase-app
LonoCloud,clj-stacktrace
LonoCloud,leiningen
LudoTheHUN,LudoClojure
LudoTheHUN,calx
LuminousMonkey,Korma
LuminousMonkey,Triangulum-Minor
MHOOO,clojurejs
Macroz,onewayticket
MayDaniel,clj-mail
MayDaniel,mirth
MenschNestor,leiningen
MenschNestor,maven-index-search
MerelyAPseudonym,marginalia
MerlinDMC,vmwebadm
MichaelBaker,clojure-tictactoe
MichaelBaker,clojure-webserver
MichaelBlume,clojure-koans
NSMeta,euler-clojure
Nali4Freedom,paper-db
NashFP,luhny-bin
NearEastUniversity,neu-islanders
OlaAndersson,todo
OmerE,FS
PoshHsu,clj-browserchannel
Quantisan,cascalog
Quantisan,clj-exercises
Quantisan,mango
RJMetrics,Parallel-SSH
RJMetrics,Server-Stats
Ramblurr,kyoto-cabinet
Raynes,bultitude
Raynes,clj-oauth2
Raynes,conch
Raynes,fs
Raynes,lein-bin
Raynes,lein-gitify
Raynes,lein-newnew
Raynes,lein-noir
Raynes,ororo
Raynes,refheap
Raynes,tentacles
Raynes,tryclojure
RedHatQE,gnome.ldtp
ReinoutStevens,damp.qwal
RingMan,Korma
Ruiyun,cljain
Rusco,clojurescript
RuuviTracker,ruuvitracker_server
RyanMcG,Honew
S714726,bookmarks
Scriptor,phunc
Seajure,reducate
Seajure,seajure
Sebastiansen,fughetta
Serabe,rinzelight
SergeyDidenko,Simple-Persistence-for-Clojure
SimonRichards,game-of-clojure
Softhouse,todo
SourceNinja,sourceninja-node
Stackato-Apps,hello-clojure
Stackato-Apps,ring-helloworld
SteveGodwin,rss
Storkle,clj-forex
TAllen,ClojureMatrix
TeamNotch,clj-dynamo
TeamNotch,clj-fitbit
Tech-Entrepreneurs-in-Davis,picnic
Tech-Entrepreneurs-in-Davis,picnic-one
Tech-Entrepreneurs-in-Davis,pijnic
TheClimateCorporation,lemur
Thief3,murder
ThinksInBits,Korma
TobiasRaeder,appengine-magic
TobiasRaeder,clj-gae-datastore
Trude,derp
TyrGodOfWar,skiing
YouSee,dynamo4clj
Yuppiechef,simple-rabbit
aaronc,ClojureClrEx
aaronc,ClojureWpf
aaronc,Korma.net
aaronc,clojurescript
aav,clojure.osgi
abedra,accession
abedra,reflections-on-testing
abedra,riak-clojure
abedra,shouter
abedra,the-generative-generation
abesto,calc-clj
abhijith,bore
aboekhoff,congomongo
aboekhoff,newark
abp,waltz
abscondment,clj-kdtree
acgetchell,marginalia
achin,data.xml
achin,lein-mustache
acidsound,noRoute
acurry,fallout.tools
acurry,mathos
adammartin,programming-clojure
adamwynne,clj-oauth
adamwynne,kestrel-client
adamwynne,mongodb-session
adamwynne,twitter-api
adrnai,simple-avro
airbnb,s3dist
ajahar,regexeval
ajasmin,HNRetweet
akinsgre,clojureTest
alamar,elegraph
alandipert,cljr
alandipert,domina
alandipert,reconfig
alco,99-lisp-problems
alexander-yakushev,lein-droid
alexanderkiel,glassfish-elasticsearch
alexandrov,clojure-koans
alexfillis,filewinder
alexguev,garbage-day
alexguev,halfrunt
alexguev,hg-quantified
alexhall,lein-antlr
alexnixon,clucy
alexott,clj-tika
alexott,clojure-hadoop
alexott,clojure-hbase-schemas
alexott,clojure-opennlp
alexott,lein-hadoop
alexott,mia-clj
alezandr,fun
algernon,balabit.logstore
algoriffic,lsa4solr
alienscience,leiningen-war
alq666,weatherwear
amalloy,clj-doc-test
amalloy,clojopts
amalloy,clojurescript
amalloy,eastwood
amalloy,gloss
amalloy,mongo-session
amalloy,refheap
amalloy,ring-gzip-middleware
amalloy,useful
amatus,GNUnet-in-Clojure
amatus,ctf-website
amatus,foofs
amirhhz,clojure-koans
amitrathore,capjure
amitrathore,conjure
amitrathore,demonic
amitrathore,frumios
amitrathore,humpty-dumpty
amitrathore,medusa
amitrathore,swarmiji
ams-clj,clansi
ananthakumaran,eopl
ancientHacker,sudoku-sensei
anders88,clojure-json-generator
anders88,clojure_spike_kata
anders88,java-ee-spike-with-clojure
anders88,mastermind
anders88,mastermind-web
andresvalenciano,leiningen
andrewcooke,clojure-lab
andrewcooke,particl
andrewvc,clj-automata
andrewvc,engulf
andrewvc,noir-async
antler,caribou-api
antler,caribou-core
antler,caribou-frontend
antler,clojure-postmark
antler,clojure-solr
antler,lein-caribou
antler,lichen
antler,zippix
antoniogarrote,clj-control
antoniogarrote,clj-ml
antoniogarrote,clj-tuples
antoniogarrote,hiccup-rdfa
antoniogarrote,jobim
antoniogarrote,lein-javac
antoniogarrote,mahout-vis
anttipoi,bultitude
anttipoi,lein-midje
apage43,cl0x0
apas,atea
apatil,pleajure
aperiodic,ctest
aperiodic,leiningen
aperiodic,quil
aperiodic,quil-kinect
apgwoz,kessel
ardumont,fnx
ardumont,my-4clojure-lab
ardumont,my-project-euler-lab
ardumont,nakkaya.com
ardumont,sh-deps
ardumont,static
ardumont,twitalyse
aredington,fidjet
aredington,monotony
aria42,clj-dropbox
aria42,infer
aria42,mira
aria42,mochi
ariesteam,aries
arohner,congomongo
arohner,lein-daemon
arohner,lein-test-out
arohner,resque-clojure
arohner,scriptjure
arohner,tentacles
arohner,unbean
arosequist,clj-jdk7
arthuredelstein,clj-inspector
arthuredelstein,clooj
arthuredelstein,lwm
aschoerk,cljsdku
aschoerk,clojure-py
ashafa,nozzle
ashafa,wheresthembta
ashenfad,partisanship
asmyczek,simple-avro
astine,org-online
athos,bfmaker
athos,syntactic-closure
ative,docjure
ato,clojars-web
ato,clojure-utils
ato,lein-clojars
ato,lein-outdated
autodidakto,cljs-template
autodidakto,clojuredongs
autodidakto,refheap
avshabanov,ccj
awostenberg,logan
ax2groin,clojure
babilen,clucy
babilen,fs
babilen,useful
backtype,cascalog
backtype,cascalog-workshop
bagucode,clj-native
balinterdi,clojure_exercises
ballfry,AI
banderso,tzimtzum
banjiewen,Clothesline
bapehbe,sdb
barooo,roman_numeral_kata
bartonj,lein-clojurescript
bauna,exquite-cadaver
baznex,Midje
baznex,crosscram
baznex,trycljs
bblimke,clj-pusher
beeneto,Irksome
beloglazov,tpds-2012-simulation
benares98,tictactoje
benizi,clojure-koans
benizi,yu2.be
bgnori,cloft
bguthrie,crane
bhardin,leiningen
bhiles,lazybot
bhoflack,lein-cuke
bhoflack,partner_test
bigmlcom,clj-aws-s3
bigmlcom,closchema
bigmonachus,ClojureArduino
bigs,ring-basic-authentication
bigs,ring-json-response
bitops,clodown
bitsai,big-merge
bitsai,dcpu
bitsai,horse-race
bitsai,jasvir
bitsai,pilot-example
bitsai,warble
bitwalker,draw-it
bkirkbri,dat-o-matic
blackstag,sumo
blakesmith,accession
blakesmith,clj-hector
blakesmith,leiningen-crate
blakesmith,nginx-crate
blinks,Breach
blinks,Cauldron
bloudermilk,clojure-koans
bloudermilk,hello-clojure
bluepeppers,Flask-Clojure
bmabey,clj-ml
bmillare,dj
bmuller,clive
bobby,clojurescript
bobby,domina
bodil,clojurescript
bodil,misaki
bodil,todo15m-clojure
bonjure,clj-graph
bostonaholic,logic-programming
boutros,sicp-clojure
boxuk,trello
bpeirce,clojure.mn
bpsm,seesaw
bradlucas,cmdline
bradlucas,quote-loader
brandonbloom,clojurescript
brandonbloom,delimc
brendannee,congomongo
brentonashworth,clj-diff
brentonashworth,lazytest
brentonashworth,lein-difftest
brentonashworth,one
brentonashworth,sandbar
briancarper,clj-qt4-mailtray
briancarper,gaka
briancarper,oyako
briancarper,postgres-pool
briprowe,clj-async-shell
briprowe,clj-util
briprowe,one
brockwilson,Smoke
brockwilson,black-smoke
brweber2,clj-dns
bryx,euler
budu,board
budu,lobos
bugramovic,korma.postgis
buntine,Medieval-Alien-Massacre
burke,ardrone
burke,cljtemplate
burke,reddit-notifier
buwilliams,onlisp-to-clojure
bward,ULTRA
bward,ultra
calebphillips,cljs-todo
calebphillips,enlive-forms
calebphillips,luhny
calebphillips,luhnybin
calebphillips,one
calebphillips,square-middleware
camdez,clojure-koans
camptocamp,clj-aws
candera,aws-stats
candera,org-html-slideshow
candera,reasoned-schemer
carlhoerberg,clj-http
carlhoerberg,migratus
carlhoerberg,postal
carlism,Clojure-MacOSX
carllerche,automata
carlthuringer,Land-of-Lisp
carneades,carneades
cassiel,clojure-soundcloud
cassiel,overtone-morse
cassiel,tesla-vibro
cbilson,ib-re-actor
cbilson,jayq
cdemyanovich,8lu_clojure_2
cdemyanovich,whowonthecupin
cedricpineau,enlive-tutorial
ceenlrnjim,authproxy
cemerick,bandalore
cemerick,clj-http
cemerick,clutch
cemerick,drawbridge
cemerick,friend
cemerick,lein-beanstalk
cemerick,lein-ring
cemerick,leiningen
cemerick,pomegranate
cemerick,reply
cemerick,ring-gzip-middleware
cemerick,url
cesarbp,speaker
cfalguiere,Demo-Incanter-Devoxx-France
cfox,magicluster
cgrand,core.logic
cgrand,enlive
cgrand,moustache
cgrand,parsley
cgrand,regex
cgrand,sandbox
chapmanb,bcbio.variation
chaslemley,slim.clj
chrismcbride,cljs-template
chrismgray,clojurescript
chrismgray,persistent-data-structures
christianberg,fetch
chunhk,cascalog-hope
circleci,bond
circleci,congomongo-mq
circleci,dieter
circleci,lein-dieter-precompile
circleci,mongofinil
citizenparker,clojeopardy
citizenparker,inquizitors
cjenkins,gifterate
cjfrisz,clojure-tco
cjschroed,appengine-magic
ckirkendall,The-Great-Todo
ckirkendall,enfocus
ckirkendall,enfocus-demo-site
ckirkendall,midje-cjs-playground
ckirkendall,midje-cljs-playground
clarle,ai-class
clj-class,intro-project
clojure,algo.generic
clojure,algo.monads
clojure,clojure-contrib
clojure,clojurescript
clojure,core.cache
clojure,core.incubator
clojure,core.logic
clojure,core.match
clojure,core.memoize
clojure,core.unify
clojure,data.codec
clojure,data.csv
clojure,data.finger-tree
clojure,data.json
clojure,data.priority-map
clojure,data.xml
clojure,data.zip
clojure,java.classpath
clojure,java.data
clojure,java.jdbc
clojure,java.jmx
clojure,math.combinatorics
clojure,math.numeric-tower
clojure,test.benchmark
clojure,test.generative
clojure,tools.cli
clojure,tools.logging
clojure,tools.macro
clojure,tools.namespace
clojure,tools.nrepl
clojure,tools.trace
clojure-clutch,clutch
clojure-clutch,clutch-clojurescript
clojurebook,ClojureProgramming
clojurewerkz,elastisch
clojurewerkz,mailer
clojurewerkz,money
clojurewerkz,romulan
clojurewerkz,route-one
clojurewerkz,support
cloudamqp,clojure-amqp-example
cmiles74,bishop-sample
cmiles74,clojure-hl7-messaging-2-parser
cmonty,brainiac
cobusbernard,LearnClojure
code54,buildversion-plugin
codeslinger,keikai
coggy,neocons
compasslabs,clojure-hbase-schemas
contentjon,cljs-utils
contentjon,clunk
contentjon,feedback
cosmin,clojure-in-clojure
cosmin,clojure-reader
cosmin,lein-iclojure
cr8,Cl0x0
crimeminister,gaka
crimeminister,hiccup
crimeminister,redis-clojure
crnixon,static
croeder,clojure-baristamatic
cschep,rkellyipsum
cschep,scheptris
ctdean,beanstalk-hello
ctdean,dotcloud-hello
ctdean,heroku-hello
ctdean,lein-beanstalk
ctford,overtunes
ctwitty,overtone
cwmaguire,glitches
cymen,clojure-http
cymen,clojure-netty
dajac,aleph
dakrone,aleph
dakrone,cheshire
dakrone,cld
dakrone,clj-http
dakrone,clojure-opennlp
dakrone,clojuredocs-client
dakrone,denverclojure
dakrone,drawbridge
dakrone,lein-clojuredocs
dakrone,reply
dalethatcher,itunes-connect-download
dalkvist,bf3
damienlepage,vhector
danehammer,noir-appengine-example
danhammer,stat-computing
daniel-pittman,Clothesline
danielfm,judgr
danielfm,judgr-mongodb
danielfm,judgr-redis
danielgrigg,4clojure-problems
danielribeiro,ClojureBugReport
danielribeiro,conjcraft
danielstockton,chess
danlarkin,clojure-json
danlarkin,clojuredongs
danlarkin,subrosa
darrenaustin,euler-clojure
darrenmutz,sheaf
dartov,storm-test
daryldudey,Love-From-Gifts-Website
davejacobs,machine-learning
davejacobs,ml
daveray,congomongo-mq
daveray,dorothy
daveray,francis-albert
daveray,here-comes-clojure
daveray,regenemies
daveray,seesaw
daveray,upshot
davesann,clj-disruptor
davesann,closeout
davesann,crate
davesann,jayq
davesann,wrap-js
david-mcneil,defrecord2
davidandrzej,chisel
davidbrazdil,ray-tracing
davidbuttler,rhizome
davidjameshumphreys,incanter
davidkellis,stocktrader_clojure
davidrupp,flw
davidsantiago,clojure-csv
davidsantiago,clojure-hbase
davidsantiago,configleaf
davidsantiago,criterium
davidsantiago,pathetic
davidsantiago,perforate
davidsantiago,stencil
davidsantiago,swangee
davidsantiago,tinsel
davidsnyder,quadkeys-clj
dbushenko,lein-noir-gen
dcj,util
dcolthorp,matchure
dcpu16,dcpu16-clojure
ddillinger,clojuredongs
deas,lambdalf
dedeibel,cljs_game_of_life
dek5,pssh
deltam,text2epub-clj
denlab,apache-camel-clojure
denlab,fnx
denlab,hmdb
denlab,twitalyse
dentrado,ob-calculator
deobald,haystack
deobald,jukebox2
derrida,blanc
devn,Midje
devn,clarsec
devn,cljDCPU
devn,clojure-cheatsheets
devn,overtone
devn,yokogiri
dfjones,ClojureProgramming
dfuenzalida,noir-showdate
dgrnbrg,guzheng
dgrnbrg,lein-guzheng
dgrnbrg,piplin
dguardado,postal
diamondap,clj-apache-http
diegopacheco,dev-clojure
dirkleas,clj-aws
dirtyvagabond,funnyplaces
dirtyvagabond,pretty-ql
djljr,discwar-ai
djpowell,b64
djpowell,jqproblem
djwhitt,sandbox
dluksza,clojure-koans
dmansen,composition-assistant
dmead,graphcycles
dmikulicwr,hello-www
dmix,documeds
dmoranj,katas-dmj
dmozzy,GeoTaskList
dnaumov,Hyperspace
dnaumov,Midje
dnaumov,clojure-contracts
dnaumov,sweety
dogenpunk,clojure_katas
doo,avout
doo,clj-pubnub
doo,congomongo
doo,hudson-crate
doo,lein-hiccster
doo,pallet-ci-server
doubleagent,stocker
dougselph,hutch
dpetrovics,sandbar
dpick,Functional-Data-Structures
drakerlabs,clj-hector
drakerlabs,milieu
drcode,vijual
drewr,cheshire
drewr,clj-http
drewr,clojurescript
drewr,esperanto
drewr,httprof
drewr,postal
drsnyder,gantry
drsnyder,pidge
duchenne,chaomancy
duck1123,ciste
duck1123,clj-gravatar
duck1123,clj-tigase
duck1123,jiksnu
duelinmarkers,appengine-clj
duelinmarkers,clj-record
dustingetz,clj-twilio
dustingetz,sandbox
dvberkel,levenshtein
dwelte,Tic-Tac-Toe
dyba,clauth
dyba,congomongo
dysinger,leiningen
dysinger,zilch
eakron,wishlistd
eandrejko,clj-aws-s3
eandrejko,clj-openid
eandrejko,random-forests-clj
ebellani,Cthulhu
ebellani,Sticky
echeran,clj-commons-exec
echeran,clj-ssh
edgecase,dieter
eferro,fp-for-oo-exercises
egamble,let-else
egamble,reader-macros
eggsby,amon-log
eggsby,circle-eater
eigenhombre,namejen
eirikbraend,clojure
ejackson,Minimal-Ajaxy-Closurescript
ejackson,incanter
ejlo,clojure-dependency-grapher
ekoontz,hsk
ekoontz,italianquiz
ekoontz,rdutest
elabeca,compojure-rest
eldariof,clojure_hadoop
elefevre,dojo-at-lunch
elevenbasetwo,linguaspheres
eliasson,left
elimgoodman,Spiral
ellnestam,escher
elnopintan,katas-ibl
elnopintan,qcomp
ema-fox,artengine
emaadmanzoor,sicp-clojure
emaadmanzoor,sicp-workbook
emacsmirror,cdt
emanueldima,hialin
emerge,todo
emezeske,crate
emezeske,friend
emezeske,jayq
emezeske,lein-cljsbuild
emezeske,prism
emezeske,tempest-cljs
emiln,clojIRC
enricod,projecteuler
eqdw,sicp-clojure
erickg,debian-maven-plugin
erickg,lein-debian
erickg,lein-sub
ericlavigne,clj-graph
ericnormand,autoproxy
ericnormand,coldplate
ericnormand,playnice
ericnormand,squarepeg
err,Flocking
err,Pathways
err,audsk
ertdfgcb,Spiral-blog
eslick,clodown
eslick,experiment
eslick,handlebars-clj
evanspa,MathAndComputationTools
evanspa,math-comp-tools
evjan,euler.clj
excepttheweasel,github-projects
exot,conexp-clj
exupero,domina
exupero,linguaspheres
fabriceleal,FrenchVerbsConjugator
fabriceleal,ProjectEuler
fatrow,eyewrap
fbornhofen,clj-playground
fbreuer,inkboard
fbreuer,lein-koan
fhd,candor-cms
fhd,clostache
fhd,lein-cljsbuild
fiatmoney,clive
fiatmoney,clojtemp
finitud,noir-blog
flatland,classlojure
flatland,clojail
flatland,clojure-protobuf
flatland,gedcom-importer
flatland,irclj
flatland,jiraph
flatland,lazybot
flatland,masai
flatland,ordered
flatland,portal
flatland,schematic
flatland,useful
flatland,wakeful
flazz,quil
floppywaste,talog
fluentsoftware,cljs-binding
flurfunk,flurfunk-server
flurfunk,flurfunk-web
fmancinelli,lein-lesscss
fmw,vix
fogus,bacwn
fogus,clojure-cheatsheets
fogus,eidola
fogus,evalive
fogus,himera
fogus,lein-generative
fogus,lein-marginalia
fogus,marginalia
fogus,minderbinder
fogus,pallet-examples
fogus,ring-clj-params
fogus,skiing
fogus,thneed
fogus,trammel
fogus,trout
fogus,unifycle
fogus,unk
fogus,zeder
foobar27,fancy-split
forki,jean-clojure
forsakendaemon,clooj
forsakendaemon,overtone
forthold,graphtag
forward,incanter-BLAS
fractastical,overtone
francesco-bracchi,ansuz-clojure
francoisdevlin,Decorate
francoisdevlin,Full-Disclojure
francoisdevlin,devlinsf-clojure-utils
franks42,clj-conform
franks42,clj-growlnotify
franks42,clj-info
franks42,clj-ns-browser
franks42,clj-validate
franks42,cljvalidate
franks42,kitjensink
franks42,tools.growlnotify
fredericksgary,clj-http-fake
fredericksgary,clojurescript
fredericksgary,forty-two
fredericksgary,fs
fredericksgary,greengrocer
fredericksgary,instant-coffee
fredericksgary,lein-ring
fredericksgary,lib-2367
fredericksgary,lib-5141
fredericksgary,misquote
fredericksgary,useful
freej,hello_clojure
frenchy64,Logic-Starter
frenchy64,analyze
frenchy64,trammel
frenchy64,typed-clojure
frio,derp
fronx,overtone.device.launchpad
functional-koans,clojure-koan-engine
functional-koans,clojure-koans
functional-koans,lein-koan
fuziontech,postgres-pool
fxtlabs,stockings
g1nn13,clj-apache-http
g1nn13,lein-version
ga2arch,snake3d
gaelm,clj-rome
galalex,itemtarget
gam,kata-fizzbuzz-clojure
gamma9mu,edge-detector
gar3thjon3s,expectations
gar3thjon3s,lein-expectations
gar3thjon3s,programming-challenges
gar3thjon3s,rower
gasc,Clojuratica
gaustin,Custer
gavilancomun,jinput-overtone
gavilancomun,midiutils-overtone
gavilancomun,musicxml-overtone
gberenfield,lein-nailgun
gbouknecht,project-euler-solutions
gcv,appengine-magic
gcv,dgraph
geetarista,slsw-clojure
geni,clj-gedcom
geni,clj-geni
geni,clj-geni-sdk
geni,gedcom-importer
geni,geni-clj-sdk
gensym,hw-clj-logging
geoffsalmon,bonjure
geoffsalmon,bytebuffer
geoffsalmon,ring-bake
georgeredinger,clojure-koans
gerrit-hntschl,synchronomat
gf3,CLJBIN
gf3,secretary
gga,janus
ghoseb,chainmap
ghoseb,isbn.clj
ghostandthemachine,overtone-examples
gigix,turing_machine
gilbertl,mongo-clojure-wrapper
giorgiosironi,clojure-midje-example
gldalmaso,live-curriculum
gldalmaso,my-euler-problems
gldalmaso,my-money
globulon,clojure-parsers
globulon,sicp-in-clojure
gmazelier,ring-accept-param
gmkoliver,great-mystery
goodwink,noir-rest-dsl
gorsuch,clojure-curl-spike
gorsuch,compojure-spike
got-clj,Circles
got-clj,Squares
gr-rabbit,clsnake
grady,clj-phylogeny
grammati,clj-msgpack
grammati,hakkkrnooz
grc,dissertation
gregmalcolm,clojure-koans
gregspurrier,peanut-butter-cup
grinnbearit,monopoly
grinnbearit,sicp
gsimard,clojail-test
gsimard,epicerie
gsnewmark,gtjbot
gtrak,clj-accordion
gtrak,quil
gtrak,quilltest
guv,clj-debug
guv,clj-gui
guv,clj-jppf-example
guv,clojure.options
guv,incanter
guv,rincanter
gw666,combolock
gyom,miscCodeExercisesAndSingleUsage
hacxman,wikilist
hagane,Hyperspace
halcat0x15a,rtsh
halgari,clojure-py
hans,kedai
harto,ring-cljsc-middleware
haruyama,ime-sample
hayamiz,prejure
hectcastro,clojure-koans
helgikrs,clj-ssh
heroku,pulse
heuristicfencepost,clojure-cassandra
heyZeus,clj-web-crawler
hgiddens,clj-time
hgiddens,jexi-date-formatting
hgiddens,support-calendar
hgiddens,swank-clojure
hhutch,clj-yaml
hickst,mayancal
hiredman,appengine-helper
hiredman,clj-http-lite
hiredman,clojure-dependency-grapher
hiredman,clojurebot
hiredman,deuce
hiredman,graft
hiredman,halleck
hiredman,lein-gae
hiredman,ring-jetty--adapter
hiroftp,clj-soundcloud
hjiang,clojurejs
hjiang,sketch
honr,tiny-dots
hooptie45,Scheduler
hozumi,clj-commons-exec
hozumi,mongodb-session
hraberg,deuce
hraberg,mimir
hraberg,shen.clj
hsaliak,android-clojure-flashlight-example
hsalokor,compojure-skeleton
hugoduncan,bridle
hugoduncan,bultitude
hugoduncan,clj-ssh
hugoduncan,clojars-web
hugoduncan,criterium
hugoduncan,hornetq-clj
hugoduncan,leiningen
hugoduncan,perforate
hugoduncan,pomegranate
hugoduncan,slingshot
hugoduncan,swell
humbhenri,clojure-koans
humbhenri,dhtPontoEletronico
hussein,zeromq-crate
hypomodern,web_noir_playground
i0cus,macchinetta
iPlantCollaborativeOpenSource,Clavin
iPlantCollaborativeOpenSource,Conrad
iPlantCollaborativeOpenSource,Donkey
iPlantCollaborativeOpenSource,JEX
iPlantCollaborativeOpenSource,Nibblonian
iPlantCollaborativeOpenSource,NotificationAgent
iPlantCollaborativeOpenSource,Panopticon
iPlantCollaborativeOpenSource,Scruffian
iPlantCollaborativeOpenSource,clj-jargon
iPlantCollaborativeOpenSource,iplant-clojure-commons
iPlantCollaborativeOpenSource,iplant-email
iPlantCollaborativeOpenSource,lein-iplant-rpm
ianbarber,CljBoids
ianbarber,CljTextservice
ianbishop,opaqve
ibdknox,Korma
ibdknox,Noir-blog
ibdknox,clj-socketio
ibdknox,cljs-template
ibdknox,cljs-watch
ibdknox,clojail
ibdknox,clojure-koans
ibdknox,crate
ibdknox,fetch
ibdknox,jayq
ibdknox,korma.incubator
ibdknox,lein-nailgun
ibdknox,lein-noir
ibdknox,monet
ibdknox,noir
ibdknox,noir-cljs
ibdknox,noir-example
ibdknox,pinot
ibdknox,simpledb
ibdknox,sqlkorma
ibdknox,waltz
ibdknox,watchtower
ibdknox,webnoir
ibodrov,gloss
icetortoise,algo-class
icylisper,jark-server
icylisper,recon
ieure,metrics-clojure
iloveponies,120-hour-epic-sax-marathon
iloveponies,training-day
immutant,lein-immutant
improcess,game-of-life
improcess,monome-serial
intelie,closchema
iperdomo,clojure-koans
ique,bebot
iron-io,iron_mq_clojure
isaksky,cmu-katas
isaksky,sudoku-clojure
isaksky,url_dom
iskar,footballscraper
ivangonekrazy,clojure-koans
ivey,sexpbot-twitter
iwillig,geoscript-clj
iwillig,maptheplanet
iwillig,pointcloud
jaceklaskowski,leiningen
jaceklaskowski,librarian-clojure
jackdempsey,labrepl
jafingerhut,cd-client
jafingerhut,clj-info
jafingerhut,clj-ns-browser
jafingerhut,clj-prescreen
jafingerhut,clojure-benchmarks
jafingerhut,clojure-cheatsheets
jafingerhut,lein-clojuredocs
jajajaja,sicp-clojure
jakemcc,lein-autoexpect
jakemcc,sicp-study
jalpedersen,ring-jetty7-adapter
james-c,genetic
jameswald,appengine-magic
jamieorc,clojure-koans
jamii,mechanical-sympathiser
jamii,mist
jamii,overtone-experiments
jamppa,cpomo
jandot,quil-workflow
jaor,congomongo
japj,pulse
jappy,overtone-playground
jashmenn,cascading-simhash
jashmenn,clj-file-utils
jashmenn,url-normalizer
jasonjckn,llvm-clojure-bindings
jasonjckn,snake3d
jasonrose,ci-appstate
jasonrudolph,clojurescript
jasonrudolph,domina
jasperla,blog
jaycfields,expectations
jaycfields,jry
jaycfields,lein-publishers
jaycfields,propertea
jayunit100,RudolF
jayunit100,clojure-game-of-life
jayunit100,clojure-game-of-life-dojo
jayunit100,learn-clojure
jblomo,ashes
jblomo,compojure.route.clojurescript
jblomo,heion
jblomo,ring.middleware.clojurescript
jconnolly,clojure-koans
jcrean,dapper
jcushman,textmate-clojure
jdmarble,WebGraph
jduey,appraiser
jduey,conduit
jduey,conduit-rabbitmq
jduey,core.logic
jduey,crawl
jduey,mini-kanren
jedahu,beard
jedahu,clutch
jedahu,lein-cst
jedahu,menodora
jedahu,radio
jedahu,ring-xslt
jedahu,saxon
jedahu,torus
jedschneider,pt-stories
jeffdik,clojure-contrib-playground
jeffdik,clojurescript
jeffdik,datomic-wiki-example
jenanwise,lein-cljsbuild
jenkoian,footiefree
jennifersmith,4clojure_answers
jennifersmith,overtone
jeremyheiler,lime
jeremyheiler,tonic
jeremyheiler,trabajo
jeroenvandijk,fetch
jeroenvandijk,noir-async
jes5199,balsa_man
jg,todo-webapp-server
jgralab,funnyqt
jgralab,kemerer-chidamber
jgre,clj-bookmarks
jhickner,Parallel-SSH
jhickner,cljs-multitouch
jhickner,jayq
jhickner,mongo-session
jhirn,gitmm
jimlar,graphie
jimlar,list
jimlar,sheep
jimm,clojure
jingweno,shouter
jingweno,shouter-clj
jirkamarsik,deflaw
jjcomer,clj-dcpu16
jjcomer,cljDCPU
jkk,clj-glob
jkk,clojuresphere
jkk,loom
jkk,rate-gate
jklumpp0,Clojure
jkrueger,hardware
jkrueger,reactive
jkrueger,tools
jkutner,lein-jruby
jmcconnell,clojure-ant-tasks
jmcfarlane,leiningen
jmgimeno,okasaki-clojure
jneira,Abril-Bowling
jneira,clj-desk
jneira,clj-guestbook
jneira,cljs-watch
jnewbern,monad-tutorial
jochu,swank-clojure
jodonnell,clojure_code_test
joecomstock,clojure_rest_server
joegallo,doric
joegallo,robert-bruce
joelanders,Clojure-toys
joelittlejohn,99-Problems
johnbendi,leiningen
johnchapin,lein-dependency-management
johnfn,resolution
johnkpaul,cljs-demo
johnlawrenceaspden,hobby-code
johnwayner,hermit
johnwayner,one
jolby,rincanter
jonase,analyze
jonase,clojure-ini
jonase,eastwood
jonase,kibit
jonase,mlx
jonnay,Watership-Down
jonromero,music-as-data
joodie,clj-decline
joodie,clj-imajine
joodie,clj-java-fields
joodie,clj-youtube
joodie,clojure-refactoring
joodie,flutter-decline-demo
joodie,pretzel
joseraya,sicp
joseraya,todo-clojure
joshbohde,statsd
joshrotenberg,rememberize
joshua-choi,fnparse
joshvfleming,clujter
joshvfleming,rmaze
joyofclojure,book-source
jpalmucci,clj-iterate
jpaugh64,testify
jperrine,jimmyapi_clj
jr0cket,graphics-fun-with-quil
jramb,claws
jscrane,jvml
jseppanen,leiningen
jsnikeris,mtg-store
jsofra,clj-jts
jsyrjala,Korma
jsyrjala,ruuvitracker_server
jszakmeister,lein-noir
jszakmeister,ring-anti-forgery
juergenhoetzel,bultitude
juergenhoetzel,clojure-neo4j
juergenhoetzel,leiningen
juergenhoetzel,pomegranate
juliangamble,clojure-ants-simulation
julienXX,favfetcher
julienchastang,meteolab
jvillste,clojure-lwjgl
jwalsh,clojure-koans
jwr,clj-tagsoup
jwr,fablo-api-client
jxa,resque-clojure
jxa,wubwub
kabobbob,clojurebox
kanarde,clj-rules
karmag,borneo
karmag,loa
kaspermarkus,grotesql
kasterma,nlp
kasterma,pgm
kasz,clojure-test-junit2
kasz,fablo-api-client
kballenegger,clojure.tmbundle
kellydunn,ginger
kenrestivo,Simple-clojure-websocket-chat
kenrestivo,leiningen
kenrestivo,osc-clj
kenrestivo,utilza
kernelhips,MUxie
kerryb,seven-languages-in-seven-weeks
kevinjqiu,lumiere
kij,grotesql
kij,pipe-engine
kill-switch,cassowary-cljs-demo
killme2008,clj-time
killme2008,clojure-control
kingtim,lein-newnew
kitofr,cjucumber
kkreamer,euler-clojure
klang,clojure-in-action
klang,ring
klang,snippets
klauern,stacktraces
klutometis,iris
klutometis,reader-macros
kmagiera,congomongo
kognate,clj-getopt
kondratovich,leiningen
kondratovich,misc
kondratovich,socket-repl
kondratovich,web-clojure-demo
konrad-garus,librarian-clojure
kovcic,clojure-twitter
kremers,Clojure-Memcached-Connector
kremers,cblog
kremers,monger-session
kremers,sandbar
krisajenkins,clj-facebook-graph
krisajenkins,jayq
krisajenkins,lein-cljsbuild
kriyative,clojurejs
krukow,clojure-in-practice-example
ktsujister,clj-tsv2xls
kumarshantanu,lein-cljsbuild
kumarshantanu,lein-exec
kumarshantanu,lein-localrepo
kumarshantanu,lein-sub
kumarshantanu,pomegranate
kumarshantanu,thingy
kurtharriger,clojure-dependency-grapher
kurtharriger,clojure-hbase
kurtharriger,lein-groovyc
kurtharriger,lein-hadoop
kurtharriger,lein-thrift
kyleburton,api-proxy
kyleburton,clj-etl-utils
kyleburton,clj-xpath
kyleburton,keikai
kyleburton,large-data-and-clojure
kyleburton,lein-release
kyleburton,perCEPtor
kyleburton,sandbox
kyleburton,teporingo
kylev,noir-toy
kylewm,tr2
laboon,ClojureLife
laconsys,laconsys
laczoka,clojurescript
lalyre,KenoDruid
lambdatronic,clj-span
lambder,LERGC
lance,proddbot-immutant
lancepantz,clj-yaml
lancepantz,clojar
laurentpetit,paredit.clj
laurentpetit,parsley
laurentpetit,regex
lbt05,karmalet
ldenman,project-euler-clojure
leadVisionary,leiningen
leadtune,clj-airbrake
leadtune,clj-campfire
leadtune,clj-ml
leandromoreira,clojure-playground
leandrosilva,qdis
leathekd,doric
leathekd,pleks
leathekd,terebi
leathekd,wellread
leereilly,clojure-test
letronje,learn-clojure
levand,clj-soy
levand,domina
levand,spawn
levicc00123,clj-sitemap
lhanson,cognition-caps
liebke,analemma
liebke,apogee
liebke,avout
liebke,cljr
liebke,incanter
liebke,zookeeper-clj
like-doo,postal
liquidz,debug-reader
liquidz,liquidz.github.com
liquidz,misaki
liquidz,one-hyde
liquidz,watchtower
ljos,clj-piet
ljos,clojure-control
llasram,byteable
llasram,hier-set
llasram,playground.clj
llasram,shady
lnostdal,SymbolicWeb
locks,cljr
locopati,load-testing-with-clojure
logaan,Calling-Clojure-from-Java-Example
logosity,eddie-adventure
logosity,fs
logosity,ring
loliveira,compojure
loliveira,noir
loliveira,ring-cors
loliveira,simpledb
lolownia,playground
lomin,clj-file-finder
longfin,lispkorea
loomcore,nico
lprefontaine,Boing
lrenn,leiningen
lrenn,vine
lspector,Clojush
lspector,taggp
lstoll,shouter
lunjure,lunjure
lunjure,lunjure_hiccster
lynaghk,c2
lynaghk,cassowary-cljs-demo
lynaghk,cljs-chosen
lynaghk,cljs-d3
lynaghk,cljx
lynaghk,core.logic
lynaghk,hiccup
lynaghk,kibit
lynaghk,profile-cljs
lynaghk,ring
lynaghk,vomnibus
lynxor,whose-turn
lypanov,noir-cljs
m0wfo,Rhinode
m0wfo,rhinode
m14i,Calaja
maacl,org-html-slideshow
maacl,websocket-test
maciejka,clojure-koans
macourtney,Conjure
macourtney,Dark-Exchange
macourtney,clj-i2p
macourtney,drift
macourtney,drift-db
macourtney,nutritiousaurus
magnars,intelliadv
making,clj-aws-ecs
malcolmsparks,boggle
malcolmsparks,clj-logging-config
malcolmsparks,clj-markdown
malcolmsparks,compojure-rest
malcolmsparks,plugboard
maleghast,clj-dojo-cog-april2012
mamersfo,cljhack
manboubird,vmfest-trial
mantree,clojure-rest-mongo-mash
mantree,compojur-learning
manuelp,actions
manuelp,tracktime
maratkhafizov,clojurescript
maravillas,lein-multi
marciosilva,clojure-hadoop
marciosilva,incanter
marcpeabody,hello-seesaw
marcpeabody,wubwub
marick,Midje
marick,Midje-quickstart
marick,jcrit
marick,lein-midje
marick,leiningen
mark-watson,clojure_wolfram_alpha
markgunnels,clj-aws-swf
markgunnels,clj-cloudq-client
markmfredrickson,shanks
marktriggs,expenses
marktriggs,timezones
marktriggs,xml-picker-seq
martinlindholdt,FedEx-bierfejl
martinlindholdt,messaging-workflow
martintrojer,clj-disruptor
martintrojer,frinj
martintrojer,scheme-clojure
mason-bially,photon
mat,clojurefun
mattdeboard,lb-logfiles
mattdw,caponia
mattdw,space-clock
mattfenwick,MySQLClojure
matthavener,KrailjOS
matthavener,krailoj
mattn,clj-gntp
mattrepl,clj-oauth
mattrepl,clojure-neo4j
mattrepl,clojure-twitter
maxweber,MongoDB-Clojure-example
maxweber,clj-facebook-graph
maxweber,cljs-devmode
maxweber,congomongo
mayankag,random-forests-clj
mbriggs,ring-json-params
mbst,nimrod
mccraigmccraig,clonfig
mccraigmccraig,friend
mdallastella,weretext
mdanila,Reactor
mdelaurentis,coverage
mdengler,ib-re-actor
medSage,clj-http
mefesto,wabbitmq
megakorre,async-kit
megakorre,cljs-event
megakorre,crate
metadaddy-sfdc,Force.com-Toolkit-for-Clojure
metadaddy-sfdc,HelloClojureCompojure
metadaddy-sfdc,clj-facebook-graph
metadaddy-sfdc,clj-oauth2
metadaddy-sfdc,facebook-template-clojure
metajack,lein-noir
metajack,lein-ring
metajack,leiningen
metajack,oauth-clj
mg50,Clojure-Cob-Server
mg50,Clojure-Koans-Site
mg50,Clojure-Koans-Website
mg50,Clojure-Server
mg50,Clojure-server
mg50,clojure-koans
mgsarch,blanc
mheld,lein-noir
mheld,noir
michaelklishin,clj-http
michaelklishin,clj-time
michaelklishin,clostache
michaelklishin,crawlista
michaelklishin,langohr
michaelklishin,lein-newnew
michaelklishin,leiningen
michaelklishin,momentum.experiments
michaelklishin,monger
michaelklishin,neocons
michaelklishin,pantomime
michaelklishin,quartzite
michaelklishin,quartzite.listeners.amqp
michaelklishin,urly
michaelklishin,validateur
michaelklishin,welle
michalmarczyk,clj-lazy-json
michalmarczyk,cljs-persistent-hash-map-test
michalmarczyk,clojure-guava
michalmarczyk,clojurescript
michalmarczyk,lein-git-version
michelvollebregt,clojuremvc
mightymoose,blog
mikebroberts,lein-publishers
mikeflynn,ClojureSprites
mikejones,mississippi
mikejs,clojure-solr
mikejs,clojure-zmq
mikejs,ring
mikejs,ring-etag-middleware
mikejs,ring-mongrel2-adapter
mikepilat,jukebox2
mikera,mikera-clojure
mikera,task
mindbat,siobhan
minimal,tfl-stats
misfo,Baard
misfo,compojure
misfo,lein-ring
misfo,leiningen
misfo,ring
misfo,tools.nrepl
mishadoff,nlputils
mishadoff,project-euler
mistercam,reversi
mjg123,aa-maven-plugin
mjhogue,epicerie
mjrusso,joy-of-clojure-examples
mjul,clojure-communityday-2012
mjul,cucumber-tutorial
mjwatson,pallet
mkonda,adder
mlehman,solrclj
mlimotte,cascalog
mmcgrana,adder
mmcgrana,cabinet
mmcgrana,clj-garden
mmcgrana,clj-http
mmcgrana,clj-redis
mmcgrana,clj-riak
mmcgrana,clj-routing
mmcgrana,clj-stacktrace
mmcgrana,cljs-demo
mmcgrana,fleetdb
mmcgrana,gitcred
mmcgrana,ring
mmcgrana,ring-json-params
mmcgrana,spine
mmikulicic,haml-macro
mmwaikar,adultcareqa
mnylen,porter-stemmer
mobby1982,learning_clojure
mobby1982,play_clojure
momentumclj,momentum.examples
monodeldiablo,4clojure
montoux,namedroutes
mopemope,clarsec2
mopemope,kessel
moumar,clj-ipaddr
mpenet,aleph
mpenet,casyn
mpenet,clj-esearch
mpenet,clj-oauth
mpenet,clj-yaml
mpenet,lamina
mpenet,thera
mpenet,zilch
mrcmatuszak,50euro
mrcmatuszak,L99Problems
mreid,clojure-framework
mreynolds,clj-static-blog
mrh0057,clj-weka
mrmekon,tempest-cljs
mrocklin,clojure-koans
mrtentje,Clojure-TCIF-V3AP1-11
mschristiansen,ring-basic-authentication
mthvedt,clearley
mtnygard,utree
mtnygard,word-odds
mtyaka,lein-oneoff
mudge,clojure-koans
mudphone,ClojureDocSlurp
mudphone,hbase-runner
murtaza52,Faiz-ul-Mawaid-ul-Burhaniyah
murtaza52,clojure-koans
mva,docjure
mva,lein-cucumber
mw10013,Korma
mw10013,clj-sql-mapper
mw10013,clj-time
mw10013,compojure-sandbox
mw10013,korma-sandbox
mw10013,noir-sandbox
mw10013,webnoir
mwjackson,clojure-koans
myfreeweb,clj-http-fake
myfreeweb,ringfinger
myguidingstar,hongtam-finance
myguidingstar,lein-noir-gen
myguidingstar,lein-noirgen-template
myguidingstar,vie-hts
mylesmegyesi,clojure-snippets
mylesmegyesi,fresh
mylesmegyesi,hyperion
mylesmegyesi,metis
mylesmegyesi,speclj
mylesmegyesi,tic-tac-toe-clojure
mylesmegyesi,tic-tac-toe-clojure-console
mylesmegyesi,tic-tac-toe-clojure-web-server
n8dawgrr,RemoteFn
nakkaya,alter-ego
nakkaya,clodiuno
nakkaya,inbox-feed
nakkaya,nakkaya.com
nakkaya,static
nakkaya,vector-2d
naleksander,instrumentos
narkisr,clojure-couchdb
narkisr,couch-fuse
narkisr,gelfino
narkisr,gitolite-webui
narkisr,java.data
narkisr,match-issue
nathanmarz,carbonite
nathanmarz,cascalog
nathanmarz,kafka-deploy
nathanmarz,leiningen
nathanmarz,serializable-fn
nathanmarz,storm-deploy
nathell,clj-tagsoup
nathell,gumtree-scraper
nathell,lithium
nathell,redis-clojure
nbeloglazov,4clojure
nbeloglazov,homework
nbqx,darekagakaku
nbqx,noir-twitter-oauth-template
nclaburn,project_euler
ndimiduk,lein-hadoop
ndimiduk,leiningen
ndimiduk,mrclean
neatonk,im4clj
necaris,ldnpyvideo
neotyk,http.async.client
netguy204,cljs-base
netguy204,showoff-cljs
newfoundresearch,exceptional-clj
newfoundresearch,gears
newfoundresearch,lein-clj-doc-test
ngocdaothanh,telchat-clojure
ngrunwald,clj-elasticsearch
ngrunwald,clj-http
ngrunwald,clj-jdbm
ngrunwald,clj-rome
ngrunwald,clj-spore
ngrunwald,clj-stanford-nlp-tools
ngrunwald,clj-treetagger
ngrunwald,ring-middleware-format
nicholasbs,hsnews
nickbauman,clj-standards-boilerplates
nickbauman,noir.util.test2
nickbauman,ordered
nickbauman,redis-s-expression
nickewing,netz
niklasl,clj-rdfa
niklasl,clj-rdfa-jena
niklasl,clj-rdfa-web
nilswloka,korma-crud
nilswloka,lein-cucumber
nilswloka,midje-html-checkers
ninjudd,cake
ninjudd,clojure-complete
ninjudd,clomp
ninjudd,jiraph
ninjudd,leiningen
nishantrayan,ClojureGrep2
nmquirk,clj-pdf
no-man-is-an-island,incanter
noamt,homepage
nodename,clevolution
nodename,clevolution-app
noxqsgit,fnjs
ntraft,crosscram
nuclearsandwich,vimswarm
nulogy,competition-compojure-bootstrap
number23,commons-lib
nyampass,conceit
nybbles,funwun
nybbles,incanter
obfusk,fnjs
obfusk,obfusk-cljs
obfusk,test-cljs-2
obfusk,waltz
odyssomay,Pincer
odyssomay,clj-dm
offby1,leiningen
ogf,marginalia
ogrim,akkad
ogrim,clj-egsiona
ogrim,clj-egsiona-demoapp
ogrim,clj-obt
ogrim,clj-obt-service
ohpauleez,clj-bitbucket
ohpauleez,shoreleave
ojhp,tanuki
okiwi,CodingDojo-20120109-Fizzbuzz.clj
olabini,borneo
olabini,lein-test-out
oleg,clojure-cards
oleg,clojure-euler
oleg,clojure-pci
oleg,clojure-sicp
oleg,clojure-sketches
oleg,codehome
opdemand,c2-clojure-lein-helloworld
opengeo,solutions-dashboard
opentransact,opentransact-clojure
orb,euler-in-clojure
ordnungswidrig,clj-validate
ordnungswidrig,compojure-rest
otfrom,incanter
otfrom,quiddswic
overthink,find-loved
overtone,at-at
overtone,grid
overtone,midi-clj
overtone,osc-clj
overtone,overtone
overtone,overtone.device.audiocubes
overtone,overtone.device.launchpad
overtone,overtone.device.protocols
overtone,overtone.libs.handlers
ovidiu-beldie,project-euler
ovidiu-beldie,quant-clj
owainlewis,99-clojure-problems
owainlewis,99-problems
owainlewis,autobot
owainlewis,bishop
owainlewis,clojuremq
owainlewis,euler
owainlewis,funnel-mailer
owainlewis,github-clj
owainlewis,gittools
owainlewis,jitter
owainlewis,minify
owainlewis,ml
owainlewis,nlp
owainlewis,play
owainlewis,portfolio
owainlewis,rex
owainlewis,scout
owainlewis,sprint-planner
owainlewis,stylex
owainlewis,swift
owainlewis,trello
owainlewis,validate
owainlewis,yaml
palfrey,clojure-koans
pallet,clojure-maven
pallet,common
pallet,couchdb-crate
pallet,hudson-crate
pallet,iptables-crate
pallet,java-crate
pallet,jetty-crate
pallet,local-transport
pallet,nagios-crate
pallet,nginx-crate
pallet,pallet
pallet,pallet-crates
pallet,pallet-examples
pallet,pallet-fsm
pallet,pallet-hadoop
pallet,pallet-hadoop-example
pallet,pallet-jclouds
pallet,pallet-lein
pallet,pallet-lein-new
pallet,pallet-map-merge
pallet,pallet-thread
pallet,pallet-vmfest
pallet,postgres-crate
pallet,ruby-crate
pallet,rubygems-crate
pallet,ssh-crate
pallet,ssh-transport
pallet,stevedore
pallet,thread-expr
pallet,vmfest-playground
pallet,zeromq-crate
pallet,zi
palletops,java-package-builder
palletops,pallet
pallix,lacij
pallix,tikkba
palmface,dungeon
pandeiro,c2
paniag,clj-playground
panjf1987,panjf-clojure-snippet
paraseba,clji18n
paraseba,cssgen
paraseba,test-this
patrickgombert,Katas
patrickgombert,graphiclj
patrickgombert,jukebox2
paulbutcher,pallet
paulcarey,jayq
pauldorman,Korma
paulkoerbitz,clj-mcmc
paulosuzart,Server-Stats
paulosuzart,clj-enlive-template
paulrd,Cawala
paulrd,cawala
paulweb515,learning
pbalduino,beck
pbalduino,north
pbiggar,postal
pbostrom,codegroup
pcsanwald,clojure-midi
pelle,bitcljoin
pelle,bux
pelle,clauth
pelle,clj-http
pelle,crypto-random
pelletier,brainfuck-clj
pepijndevos,Baard
pepijndevos,Begame
pepijndevos,pepijndevos.github.com
pepijndevos,ring-json-params
pepijndevos,utterson
pferdefleisch,learning_clojure
pgarland,Noir-blog
pgdad,clj-jetty-proxy
pgdad,clj-tree-zipper
pgdad,clj-zoo
pgdad,clj-zoo-service-tracker
pgdad,clj-zoo-watcher
pgdad,jersey-admin-service
pgdad,jersey-clj
pgdad,jersey-lookup-service
pgdad,jersey-service
pgdad,jersey-zoo-clj
pgr0ss,statement_hoarder
philandstuff,device.launchpad
philandstuff,grid-jenkins
philandstuff,overtone.device.launchpad
philandstuff,overtone.device.protocols
phildobbin,leiningen
photex,clojure-control
photex,pallet
pieterbreed,clojure-couchdb
pingles,clj-aws
pingles,clj-cassandra
pingles,clj-esper
pingles,clj-facebook-graph
pingles,clj-hbase
pingles,clj-hdfs
pingles,clj-hector
pingles,clj-kafka
pingles,clj-quartz
pingles,clj-stream-stats
pingles,congomongo
pingles,machine-learning-in-action
pingles,mahout-sample
pingles,redirectly-realtime
pistacchio,deviantchecker
pittsburghclj,rock-paper-scissors
pjb3,clj-redis
pjlegato,clojure_options
pjlegato,korma-drift-template
pjstadig,laziness
pjstadig,migratus
pjt,saxon
pkamenarsky,atea
pkamenarsky,tellme
planetbeing,MUxie
plathrop,pdl-ec2-tools
plathrop,rondo
pmariani,mysqlbackup
pmbauer,rsadl
pmh,funkyweb
pmoriarty,clojure-osgi-utils
pmoriarty,tools.logging
pointwisefixed,Onducere
polera,jsonip
pooster,scribee-cml
postspectacular,ciid-tweeq
ppolechtchouk,XMLplus
prasincs,lein-git-deps
prasincs,tryclojure
psantacl,clj-etl-utils
ptillemans,lein-cuke
punitrathore,my-little-clojurer
pupeno,lein-lobos
pyg-,Paradigms_of_Artificial_Intelligence_Programming_Exercises
pyr,pallet
pyr,rstoker
qbg,syntax-rules
qiuxiafei,4clojure
quanahbear,mp3-sorter
quephird,land-of-clojure
quephird,rambo-kill-stats
quil,quil
r00k,stacky
r0man,Korma
r0man,appengine-clj
r0man,clj-http
r0man,cljs-http
r0man,closure-templates-clj
r0man,commandline-clj
r0man,database-clj
r0man,geo-clj
r0man,geocoder-clj
r0man,geonames-clj
r0man,google-maps-clj
r0man,hiccup
r0man,inflections-clj
r0man,lein-dpkg
r0man,lein-env
r0man,mahout-in-action
r0man,migrate-clj
r0man,netcdf-clj
r0man,oauth-clj
r0man,ring-cors
r0man,ring-middleware-format
r0man,validation-clj
raek,bokareis
ragnard,redis-clojure
ralfonso,beefpillow
rapala,algo.monads
rapala,cjurli
rapala,heron
rapala,ring-middleware-format
rapala,ring-request-headers-middleware
rapala,typed
raph-amiard,clojurescript
raytracer,CGPFun
rbolkey,clj-coffee-script
rbuchmann,feedback
rbxbx,kibit
rcampbell,blocker
rcampbell,zenclient
rcs,boilership
rdsr,hdfs-checksum
reddmetrics,forma-clj
reiddraper,crosscram
reiddraper,crosscram-sample
reiddraper,knockbox
reiddraper,sumo
reinhrst,nl.claude.tools
relaynetwork,clj-avro
relaynetwork,clj-etl-utils
relaynetwork,clorine
relaynetwork,lein-release
relaynetwork,perCEPtor
relaynetwork,ring-middleware-index-file
relevance,labrepl
relevance,org-html-slideshow
remleduff,CinC
remvee,clj-android
remvee,clojurehelloandroid
remvee,memory
remvee,priork
remvee,ring-basic-authentication
renatyv,Ride
res0nat0r,projecteuler-solutions
retiman,clj-euler
retiman,pomegranate
revelytix,carbonite
revelytix,clj-apache-http
revelytix,clojure-contrib-cmd
revelytix,clojure-hbase
revelytix,ring-mock
rexim,Hyperspace
rgoddard,clj-orc-battle
richard-lyman,amotoen
richhickey,clojure-contrib
richhickey,rdfm
richhickey,sdb
rickhall2000,OnLisp
rickhall2000,euler
rlander,slugify
rlb3,jvav-checklist
rlb3,perl-rss
rlonstein,wordwhiz
rmanocha,Euler-Solutions
rmanocha,clojure-koans
rmarianski,docphoto
rmarianski,geoscript-clj
rn-superg,lein-release
rn-superg,teporingo
rnewman,clj-facebook
rnewman,clj-mql
robertlj,algo.generic-clr
robertlj,algo.monads-clr
robertlj,math.combinatorics
robertlj,tools.macro
robertluo,clj-cassandra
robinbrandt,clojure-couchdb
robinkraft,forma-clj
robwhitby,project-euler-clojure
rockdub2,clojureprac
rodnaph,GeTweets
rodnaph,clj-php
rodnaph,cljp-mysql
rodnaph,clojure-talk
rodnaph,decker
rodnaph,footiefree
rodnaph,lein-cljp
rodnaph,topix
rodnaph,topix-trainer
rogerallen,explore_overtone
rogerkk,clojure-koans
roma1n,bro
roma1n,cutndry
roman,lein-generative
roman,river
rosado,clj-processing
rosado,cloak
rosejn,Peer
rosejn,byte-spec
rosejn,osc-clj
rosejn,overtone
rosejn,plasma
rosejn,typhoon
rplevy,clojure-python
rplevy,ennio
rplevy,fexjr
rplevy,joodo
rplevy,lambic
rplevy,swiss-arrows
rplevy-draker,clj-hector
rrees,clj-circle-demo
rsampaio,ircbot-clojure
rslima,wraptest
rtircher,iTircher
rtyer,goose
runexec,Madnet
runexec,Moov
runexec,Movie-point
runexec,Roov
russellc,Marshal
ryankohl,movies
ryankohl,seabass
samaaron,monome-serial
samaaron,overtone
samaaron,overtone.device.grid
samaaron,overtone.device.protocols
samaaron,overtone.libs.handlers
samaaron,polynome
samaaron,reply
samaaron,serial-port
samroberton,sudoku.clj
sandbox,incanter
sandover,HelloJavaClojure
sanel,corrosive
santoro63,ClojWorks
saolsen,aelph-test
saolsen,aleph-tests
sarcilav,clojure-koans
sattvik,Clojure-Android-Examples
sattvik,lein-tarsier
sattvik,lein-vimclojure
sattvik,leiningen
sattvik,leinjacker
sattvik,neko
sbowman,tandem
sbtourist,clamq
sbtourist,nimrod
scgilardi,leiningen
scgilardi,robert-bruce
scgilardi,slingshot
schleyfox,storm-test
scottgonzalez,clojure-koans
scottgonzalez,labrepl
scottjad,slice
scottlowe,l-system-fun
scsibug,feedparser-clj
scusack,clucy
sdeepan,Photo-album
sdegutis,clojournal
seancorfield,clj-time
seancorfield,congomongo
seancorfield,fw1-clj
seancorfield,fw1-template
seancorfield,lein-expectations
seancron,work
semperos,clj-jgit
semperos,clj-webdriver
sendai,data.zip
sendai,todomvc
sent-hil,sicp
senthilnambi,sicp
serpent213,immutant-cptest
sethtrain,clj-twilio
seymores,chorty
sgr,niconama-alert
shanmuha,incanter
shanmuha,ring
sharat87,clj-http
sharat87,scrite
shark8me,clojure-solutions-for-project-euler
shouichi,4clojure-answers
shouichi,project-euler-answers
sicp,ikoma-sicp
siddharthsarda,sicp-clojure
sids,nerchuko
silence,clj-tagsoup
simonholgate,contour-one
simonl2002,clojure-neo4j-rest
sinemetu1,Clojure---Pong
sinemetu1,Clojure-Pong
sivajag,clj-facebook-graph
sivajag,clj-facebook-lab
sivajag,clj-social-lab
sivajag,mql
sivajag,ring
sivajag,zolo-utils
sjl,clojure-postmark
sjl,clojurecraft
sjl,eve
sjl,lein-new-web-template
sjl,lein2-generative
sjl,metrics-clojure
sjl,newseasons
sjl,roul
skoon,clojure-koans
skoon,clojurescript
skuro,lambdalf
slagyr,fresh
slagyr,gaeshi
slagyr,joodo
slagyr,joodoweb
slagyr,speclj
slagyr,specljweb
slcollection,Elenor
slightair,clojure
smaak,iphpdoc
smallrivers,hudson-crate
smartrevolution,clj-gae-datastore
smee,archive
smee,common
smee,jfreechart-utils
smnirven,clj-postageapp
smnirven,clj_postageapp
snewman,Clojure-Metrics
snewman,lein-gentags
snilan,clj-minesweeper
snilan,setback
sonian,conduit
sonian,conduit-rabbitmq
sorenmacbeth,carbonite
sorenmacbeth,cascalog
sorenmacbeth,hadoop-util
sorenmacbeth,hbase-cascalog
sorenmacbeth,lucene-cascalog-demo
sortega,clojure-koans
soulflyer,overtone
soulflyer,riff
sritchie,carbonite
sritchie,cascalog-class
sritchie,cascalog-koans
sritchie,cascalog-testing-demo
sritchie,clutch-clojurescript
sritchie,core.logic-koans
sritchie,cuckoolog
sritchie,forma-clj
sritchie,geocoder
sritchie,hadoop-util
sritchie,jackknife
sritchie,midje-cascalog
ssedano,allocation_pet_project
ssemakin,clojure-reversi
st3fan,expander
stain,owlapi-clj
stanistan,clj-euler
stathissideris,clarity
stathissideris,equator
stathissideris,javamatic
stathissideris,propp
stefan-oehme,clj-euler
stehem,Project-Euler
stephenalindsay,clj-openid
stephenalindsay,fontselector
stephenalindsay,lein-minnow
stephenalindsay,minnow
stephenalindsay,minnow.nrepl
steveklabnik,rock-paper-scissors
steveshogren,GTD-Site
sthuebner,cascalog-examples
stighenriksen,one
stilkov,clojure-grep
stirfoo,clojure-py
stirfoo,ralik
stonegao,Full-Disclojure
stoyle,clojure-koans
stoyle,clojure-mutable-namespace-example
straszheimjeffrey,The-Kiln
strobecorp,picard
strongh,aleph
strongh,clj-kafka
strongh,metrics-clojure
stuarthalloway,circumspec
stuarthalloway,lancet
stuarthalloway,onlisp-clojure
stuarthalloway,practical-cl-clojure
stuarthalloway,programming-clojure
stuartsierra,cljque
stuartsierra,clojure-archetype
stuartsierra,clojure-rdf
stuartsierra,lazytest
stuntgoat,clojure-koans
stwang,storm-deploy
suguni,project-euler
sukuizhang,daoutil
sukuizhang,datacontext
sukuizhang,easyconf
sukuizhang,lein-easyconf
sukuizhang,mapbean
sunilnandihalli,clojure-hadoop
sunilnandihalli,mp
sunilnandihalli,prolog-problems-in-clojure-logic
sunilnandihalli,strawberry-fields
sunng87,karmalet
sunng87,lein-control
sunng87,link
sunng87,reddit.clj
sunng87,ring-json-response
sunng87,slacker
sunng87,slacker-cluster
surt666,PPC
surt666,dynamo4clj
surt666,workflow
svdm,ClojureGP
sw1nn,ldnclj-dojo-team-5-game-of-life
swang,project_euler
swannodette,clj-nehe
swannodette,cljs-debug
swannodette,cljs-demo
swannodette,clojurescript
swannodette,delimc
swannodette,enlive-tutorial
swannodette,kibit
swannodette,textmate-clojure
syou6162,lda_clj
syou6162,mochi
t-ob,april-cloj-doj
takano32,fizzbuzz-clj
takeoutweight,clojure-scheme
takeoutweight,sergeant-lewis
talkto,geohash
tamasjung,jayq
tarsius,cdt
tastapod,circumspec
taufiqkh,xp_decay
tavisrudd,clojure-twitter
tavisrudd,redis-clojure
tavisrudd,trammel
taweili,lein-notes
tbatchelli,vmfest
tborg,Dispatch
tborg,graphing
tborg,misc
tborg,schematomic
tchklovski,remix
tcode,Bowling
tdrgabi,cooking_assistant
tebeka,clj-digest
technomancy,clj-http
technomancy,clojure-http-client
technomancy,die-roboter
technomancy,drawbridge
technomancy,kibit
technomancy,lein-deb
technomancy,lein-heroku
technomancy,lein-play
technomancy,lein-precate
technomancy,lein-ring
technomancy,lein-scalac
technomancy,lein-webrepl
technomancy,leiningen
technomancy,leiningen.org
technomancy,mire
technomancy,quil
technomancy,radagast
technomancy,reply
technomancy,ringMon
technomancy,robert-hooke
technomancy,serializable-fn
technomancy,sketchbook
technomancy,slamhound
technomancy,swarm-go
teftin,flower
tel,Graphique
tel,Tappan.Matrix
tel,clatrix
telent,clj-dojo-quil
teropa,hiccups
teropa,marginalia
teropa,sproutcore-tutorial-compojure
texeltek,lein-ring
texodus,saturnine
tgk,mapped-reference
tgk,wadlviz
th0ma5w,quil
th0ma5w,rosettamesh
thanthese,i-know-kung-fu
thanthese,rubiks
thatsnotright,twitter-api
the-kenny,Webmacs
the-kenny,lein-deps-tree
the-kenny,leiningen
the-kenny,netwars-clj
thearthur,app-engine-example
thearthur,pallet
thegeez,clj-browserchannel
thegeez,clj-browserchannel-demo
thegeez,clj-static-blog
thegeez,jetty-test
thehammer,jukebox2
thickey,lein-nevam
thomanil,clAutotest
thomanil,clojureTetris
thomcc,Argh
thomcc,dunjeon
thomcc,dunjeon-cljs
thomcc,hex
thomcc,ld23
thomcc,unlambda-clj
timcameronryan,mug
timcharper,c2
timmc,handy
timmc,scratch-logspace
timothyhahn,Clojure-Tic-Tac-Toe
timvisher,functional-thinking-series
tirard,scrab
tjennings,evo-clj
tjennings,probe
tlh,cascalog
tmciver,bishop
tmciver,epub-util
tmciver,solitaire
tmesquita,CSCI400-Clojure
tnr-global,bishop
tnr-global,bishop-sample
tobias,avl-rb-clojure-intro
tobias,cljr
tobias,proddbot-immutant
tobyclemson,clj-http-fake
tobyclemson,neocons
tobyhede,lein-git-deps
toff63,Sandbox
tolgaty,GraduationProject
tolgaty,OneTimePad
tolitius,scalagist
tomfaulhaber,autodoc
tomfaulhaber,autodoc-index
tomfaulhaber,clj-explorer
tomfaulhaber,github-hook
tomfaulhaber,lein-autodoc
tomo,alephtest
tomoinn,audiocube-overtone-demo
tomoinn,overtone.device.audiocubes
tomykaira,four-clojure
tonsky,clojurescript
tonsky,katybot
torbjornvatn,abc
travis,covenant
travis,lein-deb
travis,resrc-client
travis-ci,travis-ci-clojure-example
travis-ci,travis-ci-clojure-leiningen-2-example
trentonstrong,book-server
trentonstrong,slothrop
tristan,cal-counting
tristan,clojure-autoreload
troyastorino,spam-filter
trptcolin,algorithms-clojure
trptcolin,clojure-complete
trptcolin,clojureslim
trptcolin,labrepl
trptcolin,lein-plugin
trptcolin,minisculus
trptcolin,pomegranate
trptcolin,reply
trptcolin,ring
trptcolin,speclj
trptcolin,tictactoe-clojure
trptcolin,toga
tsdh,clj-miniconcat
tsdh,lein-html5-docs
turugina,clojurescript
tvaughan,lein-foreman
tvaughan,mametipsum
txus,clojureshtein
tylergreen,Noirden
ujihisa,cloft
ujihisa,clojure-lingrbot
ujihisa,dodgeball-bukkit-mod
ujihisa,horsetail
ujihisa,mario-bukkit-mod
ulsa,ring-clj-params
unclebob,clojureOrbit
utahstreetlabs,accession
uvtc,trivial-library-example
van-clj,http-river
van-clj,thoth
van-clj,vanclj
van-clj,zetta-parser
van-clj,zetta-river
vdim,yz
verdammelt,defdrink
vgeshel,aleph
vgeshel,potemkin
vgrocha,svmfilter
victor-github,aleph-websockets-example
victorspivak,projects
videlalvaro,closerl
vinothkr,clj-record
vishsingh,lisp-toronto
vitalyper,aiclass
vito,clj-aliter
vmonaco,string-matcher
voronos,Orc-Battle-Online
waf,doll-smuggler
wagjo,borneo
wagjo,clojurescript
wagjo,ftree
wagjo,hangman
wcbarksdale,clojure-koan-engine
weavejester,clj-aws-s3
weavejester,clj-daemon
weavejester,clj-http
weavejester,clout
weavejester,clucy
weavejester,codox
weavejester,coercer
weavejester,comb
weavejester,compojure
weavejester,compojure-template
weavejester,crypto-random
weavejester,environ
weavejester,evaljs
weavejester,hiccup
weavejester,indolent
weavejester,lein-beanstalk
weavejester,lein-ring
weavejester,ring
weavejester,ring-anti-forgery
weavejester,ring-json-response
weavejester,ring-mock
weavejester,ring-reload-modified
weavejester,ring-serve
weavejester,ring-server
weavejester,rotary
weavejester,wrepl
weissjeffm,bugzilla.checker
weissjeffm,fn.trace
weissjeffm,katello.auto
weissjeffm,test.tree
weissjeffm,test.tree.jenkins
werand,ftp
werg,disloge
werg,herpderp
werg,logic-extensions
wfaler,clj-rss
whacked,clj-dropbox
wilkes,projected
wilkes,waltz
winks,edari
winks,eradi
winks,kibit
wirde,swank-inject
wjlroe,clj-bookmarks
wjlroe,clj-campfire
wjlroe,clj-dropbox
wjlroe,leiningen
wjlroe,spacecatslol
wkmanire,clojureaddressbook
wkmanire,clojureguessinggame
wmealing,rulebot
wolf1o1,PPC
wolfbiter,ease
wolverian,noir
wondery,FileManager
wraithan,zenircbot-clojure
wuzhe,clj-redis-session
wvdlaan,sicp
xavierRiley,clojure-koans
xeqi,clojars-web
xeqi,clojure-koans
xeqi,http-repo
xeqi,httprepo
xeqi,java.jdbc
xeqi,kerodon
xeqi,lein-precate
xeqi,lein-ring
xeqi,leiningen
xeqi,peridot
xeqi,pomegranate
xumingming,github-client
yantonov,project-euler
yayitswei,dojo
ybenjo,clj_practice
yehohanan7,hackspace
ykomatsu,clojurescript
ynadji,redirects
ynd,mona-clojure
yogthos,Clojure-Tetris
yogthos,Noir-Eclipse-Template-Project
yogthos,clj-pdf
yogthos,instant-pdf
yogthos,markdown-clj
yopefonic,clojure-twitter
yoshimuraYuu,clojurecraft
youngnh,parsatron
youz,clj-grass-reader
ypsilon-takai,dxfoil_heroku
ypsilon-takai,score_card
yuushimizu,Mongoika
zakwilson,sandbar
zakwilson,zutil-clj
zamaterian,json-bench
zamaterian,leiningen
zamaterian,pomegranate
zamaterian,ring
zane,clojure-koans
zane,parsley
zaxtax,clj-stemmer
zaytsev,tvra
zcaudate,cljr
zefhemel,adia
zenom,clojure-knapsack
zenom,clojure-smuggler
zerg000000,wml
zeroem,editure
zerokarmaleft,scraping-with-clojure-on-heroku
zev,cascalog
zhuangxm,clj-rpc
zhuangxm,clj-rpc-client
zhuangxm,simple-actor
zkim,cljs
zkim,nsfw
zmaril,Clojure-Examples
zmaril,autodoc
zmaril,clj-webdriver
zmaril,enlive-tutorial
zoka,Noir-blog
zoka,lein-webrepl
zoka,noirMon
zoka,ringMon
zolrath,lein-newnew
zonpantli,clj-pusher
ztellman,aleph
ztellman,aloha
ztellman,calx
ztellman,cantor
ztellman,gloss
ztellman,lamina
ztellman,penumbra
ztellman,potemkin
ztellman,quil
ztellman,scrawl
zubchick,pci
zzwu,captcha
zzwu,todo-list
